,Tiempo Entrenamiento (s),Tiempo Evaluacion (s),Precision (%),Error (%)
1,17324.34697151184,843.7441132068634,0.6675213675213675,0.05268075813711539
