,Tiempo Entrenamiento (s),Tiempo Evaluacion (s),Precision (%),Error (%)
0,77652.52525734901,870.4296963214874,0.794017094017094,0.03634635018958116
