,Tiempo Entrenamiento (s),Tiempo Evaluacion (s),Precision (%),Error (%)
2,6547.139027118683,33.35423755645752,0.7692307692307693,0.042631948470182195
