,CPU,GPU 1,GPU 2
1,8481906.539,1321945.293,1301045.0835
2,289277.1848,879243.8275,108709.152333333
3,290428.934,884829.2432,110472.800833333
4,194680.7248,473629.9048,482047.5225
