, Entrenamiento, Validacion, Test
1, 6008.008835, 566.0418125, 33.68861194
2, 6037.150889, 598.8287454, 35.89261956
3, 3048.927711, 602.7844238, 35.71558173

