,Tiempo Entrenamiento (s),Tiempo Evaluacion (s),Precision (%),Error (%)
0,76570.77641391754,831.5828375816345,0.8136752136752137,0.03297916729425378
